Workbook
Name Slicer_pos: #N/A

Sheet Top 50
A1: player | B1: pos | C1: adp | D1: avg_expert_rank | E1: rank_std_dev | F1: value | G1: adjusted value
A2: Cedric Coward | B2: SF, SG | C2: 130.8 | D2: 103.5 | E2: 4.72 | F2: 27.3 | G2: =full_rankings!G2 -> 5.8
A3: Brandon Miller | B3: SF, SG | C3: 79 | D3: 46.6 | E3: 6.74 | F3: 32.4 | G3: =full_rankings!G3 -> 4.8
A4: Matas Buzelis | B4: SF, PF | C4: 96.1 | D4: 73.2 | E4: 5.56 | F4: 22.9 | G4: =full_rankings!G4 -> 4.1
A5: Jalen Johnson | B5: PF | C5: 11.7 | D5: 7.6 | E5: 1.02 | F5: 4.1 | G5: =full_rankings!G5 -> 4
A6: Onyeka Okongwu | B6: C | C6: 82.7 | D6: 55.2 | E6: 7.52 | F6: 27.5 | G6: =full_rankings!G6 -> 3.7
A7: Nic Claxton | B7: C | C7: 122.5 | D7: 96.8 | E7: 7.29 | F7: 25.7 | G7: =full_rankings!G7 -> 3.5
A8: Dejounte Murray | B8: SG, PG | C8: 76.5 | D8: 49.4 | E8: 8.11 | F8: 27.1 | G8: =full_rankings!G8 -> 3.3
A9: Derik Queen | B9: C, PF | C9: 108 | D9: 85.6 | E9: 6.71 | F9: 22.4 | G9: =full_rankings!G9 -> 3.3
A10: Keyonte George | B10: PG, SG | C10: 82.6 | D10: 53.6 | E10: 9.05 | F10: 29 | G10: =full_rankings!G10 -> 3.2
A11: Trey Murphy III | B11: SF, SG | C11: 77.2 | D11: 43.4 | E11: 11.02 | F11: 33.8 | G11: =full_rankings!G11 -> 3.1
A12: Ivica Zubac | B12: C | C12: 86.2 | D12: 67.6 | E12: 6.28 | F12: 18.6 | G12: =full_rankings!G12 -> 3
A13: Payton Pritchard | B13: PG, SG | C13: 101.8 | D13: 83 | E13: 6.42 | F13: 18.8 | G13: =full_rankings!G13 -> 2.9
... A51: RJ Barrett | B51: SF, SG | C51: 111.3 | D51: 87.8 | E51: 24.6 | F51: 23.5 | G51: =full_rankings!G51 -> 1

Sheet full_rankings
A1: player | B1: pos | C1: adp | D1: avg_expert_rank | E1: rank_std_dev | F1: value | G1: adjusted value
A2: Cedric Coward | B2: SF, SG | C2: 130.8 | D2: 103.5 | E2: 4.72 | F2: 27.3 | G2: =ROUND(Table1[[#This Row],[value]]/MAX( Table1[[#This Row],[rank_std_dev]], 1), 1) -> 5.8
A3: Brandon Miller | B3: SF, SG | C3: 79 | D3: 46.6 | E3: 6.74 | F3: 32.4 | G3: =ROUND(Table1[[#This Row],[value]]/MAX( Table1[[#This Row],[rank_std_dev]], 1), 1) -> 4.8
A4: Matas Buzelis | B4: SF, PF | C4: 96.1 | D4: 73.2 | E4: 5.56 | F4: 22.9 | G4: =ROUND(Table1[[#This Row],[value]]/MAX( Table1[[#This Row],[rank_std_dev]], 1), 1) -> 4.1
A5: Jalen Johnson | B5: PF | C5: 11.7 | D5: 7.6 | E5: 1.02 | F5: 4.1 | G5: =ROUND(Table1[[#This Row],[value]]/MAX( Table1[[#This Row],[rank_std_dev]], 1), 1) -> 4
A6: Onyeka Okongwu | B6: C | C6: 82.7 | D6: 55.2 | E6: 7.52 | F6: 27.5 | G6: =ROUND(Table1[[#This Row],[value]]/MAX( Table1[[#This Row],[rank_std_dev]], 1), 1) -> 3.7
A7: Nic Claxton | B7: C | C7: 122.5 | D7: 96.8 | E7: 7.29 | F7: 25.7 | G7: =ROUND(Table1[[#This Row],[value]]/MAX( Table1[[#This Row],[rank_std_dev]], 1), 1) -> 3.5
A8: Dejounte Murray | B8: SG, PG | C8: 76.5 | D8: 49.4 | E8: 8.11 | F8: 27.1 | G8: =ROUND(Table1[[#This Row],[value]]/MAX( Table1[[#This Row],[rank_std_dev]], 1), 1) -> 3.3
A9: Derik Queen | B9: C, PF | C9: 108 | D9: 85.6 | E9: 6.71 | F9: 22.4 | G9: =ROUND(Table1[[#This Row],[value]]/MAX( Table1[[#This Row],[rank_std_dev]], 1), 1) -> 3.3
A10: Keyonte George | B10: PG, SG | C10: 82.6 | D10: 53.6 | E10: 9.05 | F10: 29 | G10: =ROUND(Table1[[#This Row],[value]]/MAX( Table1[[#This Row],[rank_std_dev]], 1), 1) -> 3.2
A11: Trey Murphy III | B11: SF, SG | C11: 77.2 | D11: 43.4 | E11: 11.02 | F11: 33.8 | G11: =ROUND(Table1[[#This Row],[value]]/MAX( Table1[[#This Row],[rank_std_dev]], 1), 1) -> 3.1
A12: Ivica Zubac | B12: C | C12: 86.2 | D12: 67.6 | E12: 6.28 | F12: 18.6 | G12: =ROUND(Table1[[#This Row],[value]]/MAX( Table1[[#This Row],[rank_std_dev]], 1), 1) -> 3
A13: Payton Pritchard | B13: PG, SG | C13: 101.8 | D13: 83 | E13: 6.42 | F13: 18.8 | G13: =ROUND(Table1[[#This Row],[value]]/MAX( Table1[[#This Row],[rank_std_dev]], 1), 1) -> 2.9
... A151: Klay Thompson | B151: SG, SF | C151: 136.5 | D151: 227 | E151: 0 | F151: -90.5 | G151: =ROUND(Table1[[#This Row],[value]]/MAX( Table1[[#This Row],[rank_std_dev]], 1), 1) -> -90.5

Sheet legend
A1: ADP is the average draft position of each player in ESPN points formats (as of 9/23/26)
A3: AVG_EXPERT_RANK is the average rank of each player across the five different expert boards used for the analysis.
A4: If a player was not listed on one expert's board, it was not factored against them in the average ranking.
A6: RANK_STD_DEV is the standard deviation of each player's ranking across the five expert boards.
A7: A lower standard deviation means the experts were generally in agreement on where to place the player, while a higher standard deviation indicates opinions varied more on the value of the player.
A9: Value is calculated by subtracting a player's ADP from their AVG_EXPERT_RANK. Essentially it tells us where how much higher/lower the experts think a player should go compared to their current draft range.
A11: Adjusted value is calculated by diving VALUE and RANK_STD_DEV (or 1 if sd is 0).
A12: It is the complete value score, accounting for a player being inflated/deflated by outlier rankings and highlighting those who have an expert consensus on their ranking.
